symbol_index,rank,letter,proximity,profile_proximity,final_score
0,1,ყ,0.9241411609654389,0.9241411609654389,0.9241411609654389
0,2,გ,0.9189345109572894,0.9189345109572894,0.9189345109572894
0,3,მ,0.9135272208779521,0.9135272208779521,0.9135272208779521
0,4,ვ,0.8877404121598766,0.8877404121598766,0.8877404121598766
0,5,ც,0.8777424545277237,0.8777424545277237,0.8777424545277237
0,6,ტ,0.863114664305658,0.863114664305658,0.863114664305658
0,7,ე,0.8559426470973397,0.8559426470973397,0.8559426470973397
0,8,ზ,0.8334803097403012,0.8334803097403012,0.8334803097403012
0,9,ჟ,0.8282789944564808,0.8282789944564808,0.8282789944564808
0,10,უ,0.8156081160588831,0.8156081160588831,0.8156081160588831
0,11,შ,0.8129944192092888,0.8129944192092888,0.8129944192092888
0,12,ჯ,0.802313770685653,0.802313770685653,0.802313770685653
0,13,ნ,0.7705495372168674,0.7705495372168674,0.7705495372168674
0,14,წ,0.7560486212041367,0.7560486212041367,0.7560486212041367
0,15,ჩ,0.7433368370919133,0.7433368370919133,0.7433368370919133
0,16,ბ,0.7345733977844222,0.7345733977844222,0.7345733977844222
0,17,ძ,0.7174515919337032,0.7174515919337032,0.7174515919337032
0,18,ა,0.668058760476975,0.668058760476975,0.668058760476975
0,19,ჰ,0.6493576767366216,0.6493576767366216,0.6493576767366216
0,20,ხ,0.6308848480558062,0.6308848480558062,0.6308848480558062
0,21,ჭ,0.6285645081640012,0.6285645081640012,0.6285645081640012
0,22,ღ,0.6043618884482251,0.6043618884482251,0.6043618884482251
0,23,პ,0.5950394098883005,0.5950394098883005,0.5950394098883005
0,24,რ,0.5801846000591688,0.5801846000591688,0.5801846000591688
0,25,კ,0.5733258929064202,0.5733258929064202,0.5733258929064202
0,26,თ,0.5641254466673188,0.5641254466673188,0.5641254466673188
0,27,ს,0.5465729271314166,0.5465729271314166,0.5465729271314166
0,28,ქ,0.5453469376349958,0.5453469376349958,0.5453469376349958
0,29,ლ,0.5196923280669574,0.5196923280669574,0.5196923280669574
0,30,დ,0.4789436028958842,0.4789436028958842,0.4789436028958842
0,31,ო,0.47641501874578107,0.47641501874578107,0.47641501874578107
0,32,ფ,0.4210182487064966,0.4210182487064966,0.4210182487064966
0,33,ი,0.4201168900824386,0.4201168900824386,0.4201168900824386
1,1,ი,0.8889874756120054,0.8889874756120054,0.8889874756120054
1,2,დ,0.8138621452558428,0.8138621452558428,0.8138621452558428
1,3,ფ,0.7543392250436738,0.7543392250436738,0.7543392250436738
1,4,რ,0.7128232467466697,0.7128232467466697,0.7128232467466697
1,5,ღ,0.6753161045122054,0.6753161045122054,0.6753161045122054
1,6,წ,0.602843966599167,0.602843966599167,0.602843966599167
1,7,ც,0.5935348085924855,0.5935348085924855,0.5935348085924855
1,8,შ,0.5901008691684007,0.5901008691684007,0.5901008691684007
1,9,მ,0.5784910429909014,0.5784910429909014,0.5784910429909014
1,10,ნ,0.5694587437696652,0.5694587437696652,0.5694587437696652
1,11,ზ,0.5459243377422154,0.5459243377422154,0.5459243377422154
1,12,გ,0.5052673276279194,0.5052673276279194,0.5052673276279194
1,13,ჩ,0.5022448634824417,0.5022448634824417,0.5022448634824417
1,14,ტ,0.490724348755192,0.490724348755192,0.490724348755192
1,15,თ,0.4904173211616364,0.4904173211616364,0.4904173211616364
1,16,ყ,0.4894874442638204,0.4894874442638204,0.4894874442638204
1,17,ა,0.486447883377092,0.486447883377092,0.486447883377092
1,18,ო,0.4850526216836951,0.4850526216836951,0.4850526216836951
1,19,ჟ,0.48006281599116285,0.48006281599116285,0.48006281599116285
1,20,ვ,0.4517267233613177,0.4517267233613177,0.4517267233613177
1,21,უ,0.449332926038743,0.449332926038743,0.449332926038743
1,22,ე,0.4179059876700476,0.4179059876700476,0.4179059876700476
1,23,ლ,0.3763842393838117,0.3763842393838117,0.3763842393838117
1,24,ბ,0.35064165048763196,0.35064165048763196,0.35064165048763196
1,25,ჯ,0.3472263439084162,0.3472263439084162,0.3472263439084162
1,26,ხ,0.34686920905445595,0.34686920905445595,0.34686920905445595
1,27,ძ,0.3350138777614693,0.3350138777614693,0.3350138777614693
1,28,ს,0.24794337442464953,0.24794337442464953,0.24794337442464953
1,29,ჰ,0.22686294531882267,0.22686294531882267,0.22686294531882267
1,30,ჭ,0.17642488274846346,0.17642488274846346,0.17642488274846346
1,31,პ,0.16980333985599771,0.16980333985599771,0.16980333985599771
1,32,კ,0.15008400938712307,0.15008400938712307,0.15008400938712307
1,33,ქ,0.09581717203519902,0.09581717203519902,0.09581717203519902
2,1,ყ,0.9240348170617549,0.9240348170617549,0.9240348170617549
2,2,ე,0.8913278483447303,0.8913278483447303,0.8913278483447303
2,3,ვ,0.8837019680585677,0.8837019680585677,0.8837019680585677
2,4,ჯ,0.8647103843489765,0.8647103843489765,0.8647103843489765
2,5,ტ,0.8551415002832823,0.8551415002832823,0.8551415002832823
2,6,გ,0.8402383264548499,0.8402383264548499,0.8402383264548499
2,7,ც,0.8196084640039619,0.8196084640039619,0.8196084640039619
2,8,ჟ,0.8150645674618877,0.8150645674618877,0.8150645674618877
2,9,მ,0.8078669389003147,0.8078669389003147,0.8078669389003147
2,10,ძ,0.8073162159073873,0.8073162159073873,0.8073162159073873
2,11,უ,0.8016573630713663,0.8016573630713663,0.8016573630713663
2,12,ბ,0.7777590104946972,0.7777590104946972,0.7777590104946972
2,13,ზ,0.7513053286218047,0.7513053286218047,0.7513053286218047
2,14,ჰ,0.7465220552253568,0.7465220552253568,0.7465220552253568
2,15,შ,0.7318860443493134,0.7318860443493134,0.7318860443493134
2,16,ჭ,0.7124950149629549,0.7124950149629549,0.7124950149629549
2,17,პ,0.7002144646788933,0.7002144646788933,0.7002144646788933
2,18,კ,0.6803268834268704,0.6803268834268704,0.6803268834268704
2,19,ნ,0.6797998776576342,0.6797998776576342,0.6797998776576342
2,20,ჩ,0.6749036910129549,0.6749036910129549,0.6749036910129549
2,21,ა,0.6717802728906491,0.6717802728906491,0.6717802728906491
2,22,ქ,0.6548278015587469,0.6548278015587469,0.6548278015587469
2,23,წ,0.6505407861859149,0.6505407861859149,0.6505407861859149
2,24,ხ,0.6302685571542173,0.6302685571542173,0.6302685571542173
2,25,ს,0.5705528601142327,0.5705528601142327,0.5705528601142327
2,26,თ,0.5618623821953534,0.5618623821953534,0.5618623821953534
2,27,ღ,0.5149553924644701,0.5149553924644701,0.5149553924644701
2,28,რ,0.5145378367072407,0.5145378367072407,0.5145378367072407
2,29,ლ,0.5052834418544045,0.5052834418544045,0.5052834418544045
2,30,ო,0.4599798113634319,0.4599798113634319,0.4599798113634319
2,31,დ,0.3883262268014498,0.3883262268014498,0.3883262268014498
2,32,ფ,0.34227413181293553,0.34227413181293553,0.34227413181293553
2,33,ი,0.33509810196051437,0.33509810196051437,0.33509810196051437
3,1,ე,0.9476542405674381,0.9476542405674381,0.9476542405674381
3,2,ვ,0.9006530914437165,0.9006530914437165,0.9006530914437165
3,3,ჯ,0.8763080800355763,0.8763080800355763,0.8763080800355763
3,4,ყ,0.8544903476816181,0.8544903476816181,0.8544903476816181
3,5,უ,0.8375819320702801,0.8375819320702801,0.8375819320702801
3,6,გ,0.8104058855695268,0.8104058855695268,0.8104058855695268
3,7,ჟ,0.7967375566053091,0.7967375566053091,0.7967375566053091
3,8,ტ,0.7842654742101322,0.7842654742101322,0.7842654742101322
3,9,მ,0.7656915448990492,0.7656915448990492,0.7656915448990492
3,10,ც,0.75736347010342,0.75736347010342,0.75736347010342
3,11,ჰ,0.7536404931684296,0.7536404931684296,0.7536404931684296
3,12,ძ,0.7532584238939901,0.7532584238939901,0.7532584238939901
3,13,ბ,0.734484807440956,0.734484807440956,0.734484807440956
3,14,ჭ,0.7219537530163758,0.7219537530163758,0.7219537530163758
3,15,პ,0.7148107288184841,0.7148107288184841,0.7148107288184841
3,16,ზ,0.7092105247196396,0.7092105247196396,0.7092105247196396
3,17,შ,0.705984027304374,0.705984027304374,0.705984027304374
3,18,კ,0.691821794321589,0.691821794321589,0.691821794321589
3,19,ქ,0.6770565483854385,0.6770565483854385,0.6770565483854385
3,20,ნ,0.6504949164285923,0.6504949164285923,0.6504949164285923
3,21,ჩ,0.6354100593112193,0.6354100593112193,0.6354100593112193
3,22,წ,0.6261587394157297,0.6261587394157297,0.6261587394157297
3,23,ა,0.6138771416239377,0.6138771416239377,0.6138771416239377
3,24,ხ,0.5912906184013609,0.5912906184013609,0.5912906184013609
3,25,ს,0.5428682176158286,0.5428682176158286,0.5428682176158286
3,26,თ,0.47205141558128183,0.47205141558128183,0.47205141558128183
3,27,ღ,0.47043353733263304,0.47043353733263304,0.47043353733263304
3,28,ლ,0.448661165880615,0.448661165880615,0.448661165880615
3,29,რ,0.4394794677251689,0.4394794677251689,0.4394794677251689
3,30,ო,0.38160085629412177,0.38160085629412177,0.38160085629412177
3,31,დ,0.32939956535977555,0.32939956535977555,0.32939956535977555
3,32,ფ,0.2968439260680831,0.2968439260680831,0.2968439260680831
3,33,ი,0.28289598228391866,0.28289598228391866,0.28289598228391866
4,1,ა,0.8994850173043215,0.8994850173043215,0.8994850173043215
4,2,ძ,0.7750626131305995,0.7750626131305995,0.7750626131305995
4,3,ბ,0.752485026794708,0.752485026794708,0.752485026794708
4,4,ც,0.7458093097709815,0.7458093097709815,0.7458093097709815
4,5,ყ,0.7409054578502537,0.7409054578502537,0.7409054578502537
4,6,ტ,0.7310426827045116,0.7310426827045116,0.7310426827045116
4,7,ჯ,0.7002533527265955,0.7002533527265955,0.7002533527265955
4,8,ჰ,0.6983846416752485,0.6983846416752485,0.6983846416752485
4,9,გ,0.6822165911461298,0.6822165911461298,0.6822165911461298
4,10,ვ,0.6721563482457624,0.6721563482457624,0.6721563482457624
4,11,მ,0.667046775329947,0.667046775329947,0.667046775329947
4,12,ე,0.6563686679391807,0.6563686679391807,0.6563686679391807
4,13,პ,0.6502197916081349,0.6502197916081349,0.6502197916081349
4,14,ჟ,0.6438783483803308,0.6438783483803308,0.6438783483803308
4,15,ზ,0.6438487261811532,0.6438487261811532,0.6438487261811532
4,16,კ,0.637056133924121,0.637056133924121,0.637056133924121
4,17,ხ,0.618332372804629,0.618332372804629,0.618332372804629
4,18,შ,0.5997028162363307,0.5997028162363307,0.5997028162363307
4,19,უ,0.5924355208442793,0.5924355208442793,0.5924355208442793
4,20,ს,0.5894535097093876,0.5894535097093876,0.5894535097093876
4,21,ნ,0.5855151400612195,0.5855151400612195,0.5855151400612195
4,22,ჭ,0.5602500152335137,0.5602500152335137,0.5602500152335137
4,23,ჩ,0.5484243362614786,0.5484243362614786,0.5484243362614786
4,24,წ,0.541492202249974,0.541492202249974,0.541492202249974
4,25,ქ,0.5184517330457526,0.5184517330457526,0.5184517330457526
4,26,რ,0.5070146317383273,0.5070146317383273,0.5070146317383273
4,27,თ,0.4990658974500193,0.4990658974500193,0.4990658974500193
4,28,ღ,0.3674228694664726,0.3674228694664726,0.3674228694664726
4,29,ო,0.35577334076749323,0.35577334076749323,0.35577334076749323
4,30,ი,0.34630647426420214,0.34630647426420214,0.34630647426420214
4,31,დ,0.3253449311979707,0.3253449311979707,0.3253449311979707
4,32,ფ,0.3238567896500658,0.3238567896500658,0.3238567896500658
4,33,ლ,0.32345689559948987,0.32345689559948987,0.32345689559948987
5,1,რ,0.9058932177213426,0.9058932177213426,0.9058932177213426
5,2,ჩ,0.7236210020544414,0.7236210020544414,0.7236210020544414
5,3,თ,0.7209276400077134,0.7209276400077134,0.7209276400077134
5,4,ზ,0.7059128708942735,0.7059128708942735,0.7059128708942735
5,5,ნ,0.6976272328206875,0.6976272328206875,0.6976272328206875
5,6,ღ,0.6905560675990392,0.6905560675990392,0.6905560675990392
5,7,ტ,0.6871549946109303,0.6871549946109303,0.6871549946109303
5,8,ც,0.680168920552606,0.680168920552606,0.680168920552606
5,9,წ,0.6704953470786199,0.6704953470786199,0.6704953470786199
5,10,ო,0.6452302947351912,0.6452302947351912,0.6452302947351912
5,11,დ,0.637884157623033,0.637884157623033,0.637884157623033
5,12,ხ,0.6286606885160635,0.6286606885160635,0.6286606885160635
5,13,გ,0.6273585381672051,0.6273585381672051,0.6273585381672051
5,14,მ,0.6269896720537176,0.6269896720537176,0.6269896720537176
5,15,ლ,0.6141384901819871,0.6141384901819871,0.6141384901819871
5,16,ყ,0.6003835309732537,0.6003835309732537,0.6003835309732537
5,17,ბ,0.5774938938579588,0.5774938938579588,0.5774938938579588
5,18,ა,0.5466871307450818,0.5466871307450818,0.5466871307450818
5,19,შ,0.5457343320356927,0.5457343320356927,0.5457343320356927
5,20,ი,0.5399425200138808,0.5399425200138808,0.5399425200138808
5,21,ს,0.5308584861393417,0.5308584861393417,0.5308584861393417
5,22,ვ,0.520316159255647,0.520316159255647,0.520316159255647
5,23,ჯ,0.5141625916593863,0.5141625916593863,0.5141625916593863
5,24,ე,0.5060001527734002,0.5060001527734002,0.5060001527734002
5,25,ჟ,0.4956483388524874,0.4956483388524874,0.4956483388524874
5,26,ძ,0.47697014110563063,0.47697014110563063,0.47697014110563063
5,27,უ,0.46511938126471797,0.46511938126471797,0.46511938126471797
5,28,ფ,0.43280106249639183,0.43280106249639183,0.43280106249639183
5,29,ჭ,0.4093061534421696,0.4093061534421696,0.4093061534421696
5,30,ჰ,0.3569221359993249,0.3569221359993249,0.3569221359993249
5,31,პ,0.31643686221546896,0.31643686221546896,0.31643686221546896
5,32,კ,0.3038649897895598,0.3038649897895598,0.3038649897895598
5,33,ქ,0.2820501112264979,0.2820501112264979,0.2820501112264979
6,1,ხ,0.9461082792699695,0.9461082792699695,0.9461082792699695
6,2,ს,0.8916496613938126,0.8916496613938126,0.8916496613938126
6,3,ბ,0.7833322635402209,0.7833322635402209,0.7833322635402209
6,4,ჩ,0.7334922549572818,0.7334922549572818,0.7334922549572818
6,5,ტ,0.7221369561992429,0.7221369561992429,0.7221369561992429
6,6,ზ,0.7008007234141671,0.7008007234141671,0.7008007234141671
6,7,ჯ,0.6798489903073472,0.6798489903073472,0.6798489903073472
6,8,ნ,0.6676468535411582,0.6676468535411582,0.6676468535411582
6,9,ჭ,0.6620743540264034,0.6620743540264034,0.6620743540264034
6,10,გ,0.6574899875983723,0.6574899875983723,0.6574899875983723
6,11,ყ,0.6057329806852766,0.6057329806852766,0.6057329806852766
6,12,ც,0.6032635142051184,0.6032635142051184,0.6032635142051184
6,13,წ,0.5936930561788136,0.5936930561788136,0.5936930561788136
6,14,მ,0.5577114778721469,0.5577114778721469,0.5577114778721469
6,15,ე,0.5576334938996601,0.5576334938996601,0.5576334938996601
6,16,ვ,0.5468431828625904,0.5468431828625904,0.5468431828625904
6,17,ძ,0.5394892299402244,0.5394892299402244,0.5394892299402244
6,18,რ,0.5221126168928749,0.5221126168928749,0.5221126168928749
6,19,ა,0.5133084289996197,0.5133084289996197,0.5133084289996197
6,20,ჰ,0.4961730510936879,0.4961730510936879,0.4961730510936879
6,21,თ,0.4842646570077349,0.4842646570077349,0.4842646570077349
6,22,პ,0.48126480822572504,0.48126480822572504,0.48126480822572504
6,23,კ,0.4737885466648668,0.4737885466648668,0.4737885466648668
6,24,ქ,0.4728489392475058,0.4728489392475058,0.4728489392475058
6,25,ლ,0.4698215737605499,0.4698215737605499,0.4698215737605499
6,26,უ,0.4549259616860627,0.4549259616860627,0.4549259616860627
6,27,ჟ,0.44798998966916015,0.44798998966916015,0.44798998966916015
6,28,შ,0.4337642058492729,0.4337642058492729,0.4337642058492729
6,29,ღ,0.41925200758898085,0.41925200758898085,0.41925200758898085
6,30,ო,0.36084426104554945,0.36084426104554945,0.36084426104554945
6,31,დ,0.2821622418513994,0.2821622418513994,0.2821622418513994
6,32,ი,0.207584631146283,0.207584631146283,0.207584631146283
6,33,ფ,0.12594654655917137,0.12594654655917137,0.12594654655917137
7,1,ა,0.8994850173043215,0.8994850173043215,0.8994850173043215
7,2,ძ,0.7750626131305995,0.7750626131305995,0.7750626131305995
7,3,ბ,0.752485026794708,0.752485026794708,0.752485026794708
7,4,ც,0.7458093097709815,0.7458093097709815,0.7458093097709815
7,5,ყ,0.7409054578502537,0.7409054578502537,0.7409054578502537
7,6,ტ,0.7310426827045116,0.7310426827045116,0.7310426827045116
7,7,ჯ,0.7002533527265955,0.7002533527265955,0.7002533527265955
7,8,ჰ,0.6983846416752485,0.6983846416752485,0.6983846416752485
7,9,გ,0.6822165911461298,0.6822165911461298,0.6822165911461298
7,10,ვ,0.6721563482457624,0.6721563482457624,0.6721563482457624
7,11,მ,0.667046775329947,0.667046775329947,0.667046775329947
7,12,ე,0.6563686679391807,0.6563686679391807,0.6563686679391807
7,13,პ,0.6502197916081349,0.6502197916081349,0.6502197916081349
7,14,ჟ,0.6438783483803308,0.6438783483803308,0.6438783483803308
7,15,ზ,0.6438487261811532,0.6438487261811532,0.6438487261811532
7,16,კ,0.637056133924121,0.637056133924121,0.637056133924121
7,17,ხ,0.618332372804629,0.618332372804629,0.618332372804629
7,18,შ,0.5997028162363307,0.5997028162363307,0.5997028162363307
7,19,უ,0.5924355208442793,0.5924355208442793,0.5924355208442793
7,20,ს,0.5894535097093876,0.5894535097093876,0.5894535097093876
7,21,ნ,0.5855151400612195,0.5855151400612195,0.5855151400612195
7,22,ჭ,0.5602500152335137,0.5602500152335137,0.5602500152335137
7,23,ჩ,0.5484243362614786,0.5484243362614786,0.5484243362614786
7,24,წ,0.541492202249974,0.541492202249974,0.541492202249974
7,25,ქ,0.5184517330457526,0.5184517330457526,0.5184517330457526
7,26,რ,0.5070146317383273,0.5070146317383273,0.5070146317383273
7,27,თ,0.4990658974500193,0.4990658974500193,0.4990658974500193
7,28,ღ,0.3674228694664726,0.3674228694664726,0.3674228694664726
7,29,ო,0.35577334076749323,0.35577334076749323,0.35577334076749323
7,30,ი,0.34630647426420214,0.34630647426420214,0.34630647426420214
7,31,დ,0.3253449311979707,0.3253449311979707,0.3253449311979707
7,32,ფ,0.3238567896500658,0.3238567896500658,0.3238567896500658
7,33,ლ,0.32345689559948987,0.32345689559948987,0.32345689559948987
8,1,რ,0.9058932177213426,0.9058932177213426,0.9058932177213426
8,2,ჩ,0.7236210020544414,0.7236210020544414,0.7236210020544414
8,3,თ,0.7209276400077134,0.7209276400077134,0.7209276400077134
8,4,ზ,0.7059128708942735,0.7059128708942735,0.7059128708942735
8,5,ნ,0.6976272328206875,0.6976272328206875,0.6976272328206875
8,6,ღ,0.6905560675990392,0.6905560675990392,0.6905560675990392
8,7,ტ,0.6871549946109303,0.6871549946109303,0.6871549946109303
8,8,ც,0.680168920552606,0.680168920552606,0.680168920552606
8,9,წ,0.6704953470786199,0.6704953470786199,0.6704953470786199
8,10,ო,0.6452302947351912,0.6452302947351912,0.6452302947351912
8,11,დ,0.637884157623033,0.637884157623033,0.637884157623033
8,12,ხ,0.6286606885160635,0.6286606885160635,0.6286606885160635
8,13,გ,0.6273585381672051,0.6273585381672051,0.6273585381672051
8,14,მ,0.6269896720537176,0.6269896720537176,0.6269896720537176
8,15,ლ,0.6141384901819871,0.6141384901819871,0.6141384901819871
8,16,ყ,0.6003835309732537,0.6003835309732537,0.6003835309732537
8,17,ბ,0.5774938938579588,0.5774938938579588,0.5774938938579588
8,18,ა,0.5466871307450818,0.5466871307450818,0.5466871307450818
8,19,შ,0.5457343320356927,0.5457343320356927,0.5457343320356927
8,20,ი,0.5399425200138808,0.5399425200138808,0.5399425200138808
8,21,ს,0.5308584861393417,0.5308584861393417,0.5308584861393417
8,22,ვ,0.520316159255647,0.520316159255647,0.520316159255647
8,23,ჯ,0.5141625916593863,0.5141625916593863,0.5141625916593863
8,24,ე,0.5060001527734002,0.5060001527734002,0.5060001527734002
8,25,ჟ,0.4956483388524874,0.4956483388524874,0.4956483388524874
8,26,ძ,0.47697014110563063,0.47697014110563063,0.47697014110563063
8,27,უ,0.46511938126471797,0.46511938126471797,0.46511938126471797
8,28,ფ,0.43280106249639183,0.43280106249639183,0.43280106249639183
8,29,ჭ,0.4093061534421696,0.4093061534421696,0.4093061534421696
8,30,ჰ,0.3569221359993249,0.3569221359993249,0.3569221359993249
8,31,პ,0.31643686221546896,0.31643686221546896,0.31643686221546896
8,32,კ,0.3038649897895598,0.3038649897895598,0.3038649897895598
8,33,ქ,0.2820501112264979,0.2820501112264979,0.2820501112264979
